{"stats":{"minecraft:custom":{"minecraft:time_since_rest":5949,"minecraft:damage_taken":966,"minecraft:crouch_one_cm":1281,"minecraft:sprint_one_cm":10845,"minecraft:play_time":15093,"minecraft:walk_one_cm":53927,"minecraft:deaths":5,"minecraft:sneak_time":593,"minecraft:walk_under_water_one_cm":385,"minecraft:jump":93,"minecraft:damage_dealt":110,"minecraft:leave_game":6,"minecraft:walk_on_water_one_cm":520,"minecraft:time_since_death":5466,"minecraft:total_world_time":15093,"minecraft:swim_one_cm":965,"minecraft:interact_with_crafting_table":5,"minecraft:fall_one_cm":1557,"minecraft:fly_one_cm":9203},"minecraft:picked_up":{"minecraft:wheat_seeds":1,"minecraft:acacia_log":4,"minecraft:oak_log":4,"minecraft:oak_planks":1,"minecraft:dirt":25,"minecraft:cobblestone":24},"minecraft:used":{"minecraft:dirt":16,"minecraft:crafting_table":1,"minecraft:oak_planks":1,"minecraft:wooden_pickaxe":25},"minecraft:mined":{"minecraft:short_grass":4,"minecraft:acacia_log":4,"minecraft:grass_block":24,"minecraft:oak_log":4,"minecraft:acacia_leaves":1,"minecraft:dirt":3,"minecraft:stone":24,"minecraft:oak_planks":1,"minecraft:oak_leaves":1},"minecraft:crafted":{"minecraft:oak_planks":16,"minecraft:acacia_planks":16,"minecraft:crafting_table":1,"minecraft:stick":8,"minecraft:wooden_pickaxe":2},"minecraft:killed_by":{"minecraft:player":3}},"DataVersion":3953}