{"stats":{"minecraft:mined":{"minecraft:short_grass":2,"minecraft:grass_block":18},"minecraft:custom":{"minecraft:jump":62,"minecraft:time_since_rest":112,"minecraft:crouch_one_cm":1281,"minecraft:damage_dealt":110,"minecraft:damage_taken":966,"minecraft:play_time":9256,"minecraft:leave_game":3,"minecraft:sprint_one_cm":2596,"minecraft:walk_one_cm":41276,"minecraft:time_since_death":0,"minecraft:deaths":5,"minecraft:sneak_time":593,"minecraft:total_world_time":9256,"minecraft:fall_one_cm":1557,"minecraft:fly_one_cm":1692,"minecraft:walk_on_water_one_cm":492},"minecraft:picked_up":{"minecraft:dirt":18},"minecraft:used":{"minecraft:dirt":15},"minecraft:killed_by":{"minecraft:player":3}},"DataVersion":3953}