{"stats":{"minecraft:custom":{"minecraft:time_since_rest":32287,"minecraft:crouch_one_cm":1074,"minecraft:play_time":45600,"minecraft:sprint_one_cm":30934,"minecraft:deaths":1,"minecraft:damage_taken":100,"minecraft:walk_one_cm":53632,"minecraft:sneak_time":523,"minecraft:walk_under_water_one_cm":2494,"minecraft:drop":1,"minecraft:jump":312,"minecraft:leave_game":6,"minecraft:walk_on_water_one_cm":3890,"minecraft:time_since_death":32218,"minecraft:climb_one_cm":12,"minecraft:total_world_time":45600,"minecraft:interact_with_crafting_table":3,"minecraft:fall_one_cm":7783,"minecraft:fly_one_cm":92636},"minecraft:picked_up":{"minecraft:andesite":6,"minecraft:oak_log":8,"minecraft:ravager_spawn_egg":1,"minecraft:dirt":23,"minecraft:cobblestone":29},"minecraft:used":{"minecraft:ravager_spawn_egg":129,"minecraft:cobblestone":13,"minecraft:crafting_table":1,"minecraft:stone_pickaxe":8,"minecraft:netherite_pickaxe":14,"minecraft:wooden_pickaxe":18},"minecraft:mined":{"minecraft:short_grass":7,"minecraft:grass_block":6,"minecraft:oak_log":8,"minecraft:dirt":17,"minecraft:cobblestone":13,"minecraft:stone":16,"minecraft:andesite":6,"minecraft:fern":1},"minecraft:crafted":{"minecraft:oak_planks":32,"minecraft:crafting_table":1,"minecraft:stick":4,"minecraft:stone_pickaxe":1,"minecraft:wooden_pickaxe":1},"minecraft:dropped":{"minecraft:ravager_spawn_egg":1}},"DataVersion":3953}