{"stats":{"minecraft:dropped":{"minecraft:ravager_spawn_egg":1},"minecraft:mined":{"minecraft:short_grass":6,"minecraft:cobblestone":13,"minecraft:fern":1},"minecraft:used":{"minecraft:ravager_spawn_egg":129,"minecraft:cobblestone":13,"minecraft:netherite_pickaxe":14},"minecraft:custom":{"minecraft:time_since_rest":892,"minecraft:crouch_one_cm":745,"minecraft:sprint_one_cm":16345,"minecraft:play_time":14205,"minecraft:deaths":1,"minecraft:damage_taken":20,"minecraft:walk_one_cm":27684,"minecraft:sneak_time":156,"minecraft:walk_under_water_one_cm":343,"minecraft:drop":1,"minecraft:jump":166,"minecraft:leave_game":4,"minecraft:time_since_death":823,"minecraft:walk_on_water_one_cm":1093,"minecraft:total_world_time":14205,"minecraft:climb_one_cm":12,"minecraft:fly_one_cm":67201,"minecraft:fall_one_cm":3388},"minecraft:picked_up":{"minecraft:ravager_spawn_egg":1,"minecraft:cobblestone":13}},"DataVersion":3953}