{"stats":{"minecraft:dropped":{"minecraft:ravager_spawn_egg":1},"minecraft:mined":{"minecraft:short_grass":6,"minecraft:cobblestone":13,"minecraft:fern":1},"minecraft:used":{"minecraft:ravager_spawn_egg":129,"minecraft:cobblestone":13,"minecraft:netherite_pickaxe":14},"minecraft:custom":{"minecraft:time_since_rest":1610,"minecraft:crouch_one_cm":745,"minecraft:play_time":14923,"minecraft:sprint_one_cm":19931,"minecraft:deaths":1,"minecraft:damage_taken":70,"minecraft:walk_one_cm":29298,"minecraft:sneak_time":156,"minecraft:walk_under_water_one_cm":343,"minecraft:drop":1,"minecraft:jump":197,"minecraft:leave_game":5,"minecraft:walk_on_water_one_cm":1093,"minecraft:time_since_death":1541,"minecraft:climb_one_cm":12,"minecraft:total_world_time":14923,"minecraft:fall_one_cm":4837,"minecraft:fly_one_cm":73910},"minecraft:picked_up":{"minecraft:ravager_spawn_egg":1,"minecraft:cobblestone":13}},"DataVersion":3953}