{"stats":{"minecraft:custom":{"minecraft:time_since_rest":19385,"minecraft:crouch_one_cm":745,"minecraft:play_time":32698,"minecraft:sprint_one_cm":29410,"minecraft:deaths":1,"minecraft:damage_taken":100,"minecraft:walk_one_cm":41133,"minecraft:sneak_time":225,"minecraft:walk_under_water_one_cm":2494,"minecraft:drop":1,"minecraft:jump":288,"minecraft:leave_game":5,"minecraft:walk_on_water_one_cm":3890,"minecraft:time_since_death":19316,"minecraft:climb_one_cm":12,"minecraft:total_world_time":32698,"minecraft:fall_one_cm":7514,"minecraft:fly_one_cm":92420},"minecraft:picked_up":{"minecraft:oak_log":6,"minecraft:ravager_spawn_egg":1,"minecraft:dirt":11,"minecraft:cobblestone":13},"minecraft:used":{"minecraft:ravager_spawn_egg":129,"minecraft:cobblestone":13,"minecraft:netherite_pickaxe":14},"minecraft:mined":{"minecraft:short_grass":7,"minecraft:grass_block":3,"minecraft:oak_log":6,"minecraft:dirt":8,"minecraft:cobblestone":13,"minecraft:fern":1},"minecraft:crafted":{"minecraft:oak_planks":24},"minecraft:dropped":{"minecraft:ravager_spawn_egg":1}},"DataVersion":3953}