{"stats":{"minecraft:mined":{"minecraft:short_grass":21,"minecraft:dirt":1,"minecraft:stone":42,"minecraft:fern":3},"minecraft:custom":{"minecraft:time_since_rest":13127,"minecraft:crouch_one_cm":2913,"minecraft:play_time":29447,"minecraft:sprint_one_cm":38355,"minecraft:damage_taken":420,"minecraft:walk_one_cm":71112,"minecraft:deaths":4,"minecraft:sneak_time":705,"minecraft:walk_under_water_one_cm":885,"minecraft:mob_kills":2,"minecraft:drop":1,"minecraft:jump":419,"minecraft:damage_dealt":1456,"minecraft:leave_game":7,"minecraft:walk_on_water_one_cm":2936,"minecraft:time_since_death":13103,"minecraft:total_world_time":29447,"minecraft:climb_one_cm":482,"minecraft:fall_one_cm":8017,"minecraft:fly_one_cm":184356,"minecraft:player_kills":3},"minecraft:dropped":{"minecraft:netherite_sword":1},"minecraft:picked_up":{"minecraft:leather":2,"minecraft:netherite_sword":1,"minecraft:beef":2,"minecraft:dirt":4,"minecraft:cobblestone":41},"minecraft:used":{"minecraft:netherite_sword":2,"minecraft:cow_spawn_egg":1,"minecraft:netherite_pickaxe":63,"minecraft:stone":43,"minecraft:zombie_spawn_egg":2},"minecraft:killed":{"minecraft:cow":1}},"DataVersion":3953}