{"stats":{"minecraft:custom":{"minecraft:time_since_rest":3671,"minecraft:crouch_one_cm":46,"minecraft:play_time":12614,"minecraft:sprint_one_cm":18935,"minecraft:deaths":3,"minecraft:damage_taken":400,"minecraft:walk_one_cm":37274,"minecraft:sneak_time":70,"minecraft:mob_kills":2,"minecraft:drop":1,"minecraft:jump":174,"minecraft:damage_dealt":760,"minecraft:leave_game":3,"minecraft:walk_on_water_one_cm":968,"minecraft:time_since_death":3642,"minecraft:climb_one_cm":196,"minecraft:total_world_time":12614,"minecraft:fall_one_cm":4304,"minecraft:fly_one_cm":89694},"minecraft:killed":{"minecraft:cow":1},"minecraft:picked_up":{"minecraft:leather":2,"minecraft:netherite_sword":1,"minecraft:beef":2},"minecraft:mined":{"minecraft:short_grass":10,"minecraft:fern":2},"minecraft:used":{"minecraft:netherite_sword":2,"minecraft:cow_spawn_egg":1,"minecraft:zombie_spawn_egg":2},"minecraft:dropped":{"minecraft:netherite_sword":1}},"DataVersion":3953}